insert into Customers (customerID, customerCard, customerTotalSumm, customerDiscount, customerDelete) values (201, 456, 1024.37, 3, 0);
insert into Customers (customerID, customerCard) values (202, 457);

insert into Medicaments (medicamentID, medicamentName, medicamentDose, medicamentDelete) values (30001, 'Levetiracetam', null, 0);
insert into Medicaments (medicamentID, medicamentName, medicamentDose, medicamentDelete) values (30002, 'RISPERIDONE', null, 0);
insert into Medicaments (medicamentID, medicamentName, medicamentDose, medicamentDelete) values (30003, 'DG HEALTH ANTI ITCH', '10ml', 0);
insert into Medicaments (medicamentID, medicamentName, medicamentDose, medicamentDelete) values (30004, 'Natria', null, 0);
insert into Medicaments (medicamentID, medicamentName, medicamentDose, medicamentDelete) values (30005, 'DELFLEX', null, 0);
insert into Medicaments (medicamentID, medicamentName, medicamentDose, medicamentDelete) values (30006, 'Sephora Super Lisseur Rides Age Defy', null, 0);
insert into Medicaments (medicamentID, medicamentName, medicamentDose, medicamentDelete) values (30007, 'shu uemura UV under base mousse', null, 0);
insert into Medicaments (medicamentID, medicamentName, medicamentDose, medicamentDelete) values (30008, 'TopSani', null, 0);
insert into Medicaments (medicamentID, medicamentName, medicamentDose, medicamentDelete) values (30009, 'WHP Be gone Flu-like Symptoms', null, 1);
insert into Medicaments (medicamentID, medicamentName, medicamentDose, medicamentDelete) values (30010, 'DG Health Extra Strength Medicated', null, 0);
insert into Medicaments (medicamentID, medicamentName, medicamentDose, medicamentDelete) values (30011, 'clopidogrel bisulfate', '10ml', 0);
insert into Medicaments (medicamentID, medicamentName, medicamentDose, medicamentDelete) values (30012, 'ZYPREXA', null, 0);
insert into Medicaments (medicamentID, medicamentName, medicamentDose, medicamentDelete) values (30013, 'Vitafol', null, 0);
insert into Medicaments (medicamentID, medicamentName, medicamentDose, medicamentDelete) values (30014, 'Instant Hand Sanitizer Twisted Peppermint', null, 0);
insert into Medicaments (medicamentID, medicamentName, medicamentDose, medicamentDelete) values (30015, 'cold and flu nighttime', '35pcs', 0);
insert into Medicaments (medicamentID, medicamentName, medicamentDose, medicamentDelete) values (30016, 'Clotrimazole', null, 0);
insert into Medicaments (medicamentID, medicamentName, medicamentDose, medicamentDelete) values (30017, 'Levothyroxine Sodium', null, 1);
insert into Medicaments (medicamentID, medicamentName, medicamentDose, medicamentDelete) values (30018, 'Soothe', null, 0);
insert into Medicaments (medicamentID, medicamentName, medicamentDose, medicamentDelete) values (30019, 'Cetaphil Daily Facial Moisturizer SPF 50', null, 0);
insert into Medicaments (medicamentID, medicamentName, medicamentDose, medicamentDelete) values (30020, 'Benzonatate', '10ml', 0);
insert into Medicaments (medicamentID, medicamentName, medicamentDose, medicamentDelete) values (30021, 'Youthful Wear Spotless Foundation', null, 0);
insert into Medicaments (medicamentID, medicamentName, medicamentDose, medicamentDelete) values (30022, 'Xylocaine', '35pcs', 0);
insert into Medicaments (medicamentID, medicamentName, medicamentDose, medicamentDelete) values (30023, 'Lamivudine and Zidovudine', null, 0);
insert into Medicaments (medicamentID, medicamentName, medicamentDose, medicamentDelete) values (30024, 'Lisinopril', null, 0);
insert into Medicaments (medicamentID, medicamentName, medicamentDose, medicamentDelete) values (30025, 'Valacyclovir', '35pcs', 0);
insert into Medicaments (medicamentID, medicamentName, medicamentDose, medicamentDelete) values (30026, 'Systane Ultra', '10ml', 0);
insert into Medicaments (medicamentID, medicamentName, medicamentDose, medicamentDelete) values (30027, 'NICOTINE TRANSDERMAL SYSTEM', null, 0);
insert into Medicaments (medicamentID, medicamentName, medicamentDose, medicamentDelete) values (30028, 'CINCHONA OFFICINALIS', null, 1);
insert into Medicaments (medicamentID, medicamentName, medicamentDose, medicamentDelete) values (30029, 'By Pharmicell Lab The Prestige', null, 0);
insert into Medicaments (medicamentID, medicamentName, medicamentDose, medicamentDelete) values (30030, 'Powerhouse Fresh Scent Ultra Dish', null, 0);
insert into Medicaments (medicamentID, medicamentName, medicamentDose, medicamentDelete) values (30031, 'acetaminophen', null, 0);
insert into Medicaments (medicamentID, medicamentName, medicamentDose, medicamentDelete) values (30032, 'healthy accents antacid', null, 0);
insert into Medicaments (medicamentID, medicamentName, medicamentDose, medicamentDelete) values (30033, 'lisinopril', null, 0);
insert into Medicaments (medicamentID, medicamentName, medicamentDose, medicamentDelete) values (30034, 'EQUATE', '35pcs', 0);
insert into Medicaments (medicamentID, medicamentName, medicamentDose, medicamentDelete) values (30035, 'Anti-Bacterial Hand', '10ml', 0);
insert into Medicaments (medicamentID, medicamentName, medicamentDose, medicamentDelete) values (30036, 'triamcinolone acetonide', '35pcs', 0);
insert into Medicaments (medicamentID, medicamentName, medicamentDose, medicamentDelete) values (30037, 'Skyline Antibacterial Hand Cleanser', null, 0);
insert into Medicaments (medicamentID, medicamentName, medicamentDose, medicamentDelete) values (30038, 'Levetiracetam', null, 0);
insert into Medicaments (medicamentID, medicamentName, medicamentDose, medicamentDelete) values (30039, 'Bismuth Tabs', '35pcs', 1);
insert into Medicaments (medicamentID, medicamentName, medicamentDose, medicamentDelete) values (30040, 'antacid', null, 0);
insert into Medicaments (medicamentID, medicamentName, medicamentDose, medicamentDelete) values (30041, 'MEPRON', null, 0);
insert into Medicaments (medicamentID, medicamentName, medicamentDose, medicamentDelete) values (30042, 'PROCRIT', '35pcs', 0);
insert into Medicaments (medicamentID, medicamentName, medicamentDose, medicamentDelete) values (30043, 'Ampicillin and Sulbactam', '10ml', 0);
insert into Medicaments (medicamentID, medicamentName, medicamentDose, medicamentDelete) values (30044, 'Olanzapine and Fluoxetine', null, 0);
insert into Medicaments (medicamentID, medicamentName, medicamentDose, medicamentDelete) values (30045, 'Nitroglycerin Slocaps', null, 0);
insert into Medicaments (medicamentID, medicamentName, medicamentDose, medicamentDelete) values (30046, 'ShopRite Ni Calm', null, 0);
insert into Medicaments (medicamentID, medicamentName, medicamentDose, medicamentDelete) values (30047, 'Sweet Gum', null, 0);
insert into Medicaments (medicamentID, medicamentName, medicamentDose, medicamentDelete) values (30048, 'diphenhydramine hydrochloride', null, 0);
insert into Medicaments (medicamentID, medicamentName, medicamentDose, medicamentDelete) values (30049, 'Temazepam', null, 0);
insert into Medicaments (medicamentID, medicamentName, medicamentDose, medicamentDelete) values (30050, 'Midazolam Hydrochloride', null, 0);
insert into Medicaments (medicamentID, medicamentName, medicamentDose, medicamentDelete) values (30051, 'DIORSKIN NUDE BB CREME', null, 0);
insert into Medicaments (medicamentID, medicamentName, medicamentDose, medicamentDelete) values (30052, 'Walgreens', '35pcs', 0);
insert into Medicaments (medicamentID, medicamentName, medicamentDose, medicamentDelete) values (30053, 'Promethazine', '35pcs', 0);
insert into Medicaments (medicamentID, medicamentName, medicamentDose, medicamentDelete) values (30054, 'Digoxin', null, 0);
insert into Medicaments (medicamentID, medicamentName, medicamentDose, medicamentDelete) values (30055, 'Anpitua Stim', '10ml', 1);
insert into Medicaments (medicamentID, medicamentName, medicamentDose, medicamentDelete) values (30056, 'Lisinopril', null, 1);
insert into Medicaments (medicamentID, medicamentName, medicamentDose, medicamentDelete) values (30057, 'Hydrocodone Bitartrate and Acetaminophen', null, 0);
insert into Medicaments (medicamentID, medicamentName, medicamentDose, medicamentDelete) values (30058, 'antimicrobial hand wipe', null, 0);
insert into Medicaments (medicamentID, medicamentName, medicamentDose, medicamentDelete) values (30059, 'SCAR ZONE ACNE', null, 0);
insert into Medicaments (medicamentID, medicamentName, medicamentDose, medicamentDelete) values (30060, 'LEADER Castor', null, 0);
insert into Medicaments (medicamentID, medicamentName, medicamentDose, medicamentDelete) values (30061, 'stila CC color', null, 0);
insert into Medicaments (medicamentID, medicamentName, medicamentDose, medicamentDelete) values (30062, 'Tears lubricant', null, 0);
insert into Medicaments (medicamentID, medicamentName, medicamentDose, medicamentDelete) values (30063, 'Glipizide', null, 0);
insert into Medicaments (medicamentID, medicamentName, medicamentDose, medicamentDelete) values (30064, 'Dextroamphetamine saccharate', null, 0);
insert into Medicaments (medicamentID, medicamentName, medicamentDose, medicamentDelete) values (30065, 'CVS Medicated Anti-Itch', null, 0);
insert into Medicaments (medicamentID, medicamentName, medicamentDose, medicamentDelete) values (30066, 'Enalapril Maleate', '10ml', 0);
insert into Medicaments (medicamentID, medicamentName, medicamentDose, medicamentDelete) values (30067, 'Low Dose Aspirin', null, 1);
insert into Medicaments (medicamentID, medicamentName, medicamentDose, medicamentDelete) values (30068, 'Carbocaine', '35pcs', 0);
insert into Medicaments (medicamentID, medicamentName, medicamentDose, medicamentDelete) values (30069, 'Dental Care Advance Cleaning', null, 0);
insert into Medicaments (medicamentID, medicamentName, medicamentDose, medicamentDelete) values (30070, 'Zenzedi', null, 0);
insert into Medicaments (medicamentID, medicamentName, medicamentDose, medicamentDelete) values (30071, 'Topcare Nite Time', null, 0);
insert into Medicaments (medicamentID, medicamentName, medicamentDose, medicamentDelete) values (30072, 'Namenda', null, 0);
insert into Medicaments (medicamentID, medicamentName, medicamentDose, medicamentDelete) values (30073, 'Gentamicin Sulfate', '350pcs', 0);
insert into Medicaments (medicamentID, medicamentName, medicamentDose, medicamentDelete) values (30074, 'Nite Time Cold and Flu Relief', null, 0);
insert into Medicaments (medicamentID, medicamentName, medicamentDose, medicamentDelete) values (30075, 'THINKSPORT', null, 0);
insert into Medicaments (medicamentID, medicamentName, medicamentDose, medicamentDelete) values (30076, 'Spiny Pigweed', '10ml', 0);
insert into Medicaments (medicamentID, medicamentName, medicamentDose, medicamentDelete) values (30077, 'Amlodipine Besylate', null, 0);
insert into Medicaments (medicamentID, medicamentName, medicamentDose, medicamentDelete) values (30078, 'Clopidogrel', null, 0);
insert into Medicaments (medicamentID, medicamentName, medicamentDose, medicamentDelete) values (30079, 'Lorazepam', null, 0);
insert into Medicaments (medicamentID, medicamentName, medicamentDose, medicamentDelete) values (30080, 'Phenylephrine Hydrochloride', null, 0);
insert into Medicaments (medicamentID, medicamentName, medicamentDose, medicamentDelete) values (30081, 'Lidocaine Hydrochloride', null, 0);
insert into Medicaments (medicamentID, medicamentName, medicamentDose, medicamentDelete) values (30082, 'Pravastatin Sodium', null, 0);
insert into Medicaments (medicamentID, medicamentName, medicamentDose, medicamentDelete) values (30083, 'Risperidone', null, 0);
insert into Medicaments (medicamentID, medicamentName, medicamentDose, medicamentDelete) values (30084, 'Quenalin Cough', null, 0);
insert into Medicaments (medicamentID, medicamentName, medicamentDose, medicamentDelete) values (30085, 'Antiseptic', null, 0);
insert into Medicaments (medicamentID, medicamentName, medicamentDose, medicamentDelete) values (30086, 'Hydroxyzine Hydrochloride', null, 0);
insert into Medicaments (medicamentID, medicamentName, medicamentDose, medicamentDelete) values (30087, 'Fluphenazine Hydrochloride', '10ml', 0);
insert into Medicaments (medicamentID, medicamentName, medicamentDose, medicamentDelete) values (30088, 'Medi-First Plus First Aid Eye Wash', null, 0);
insert into Medicaments (medicamentID, medicamentName, medicamentDose, medicamentDelete) values (30089, 'Dicyclomine Hydrochloride', null, 0);
insert into Medicaments (medicamentID, medicamentName, medicamentDose, medicamentDelete) values (30090, 'bareMinerals bareSkin', null, 0);
insert into Medicaments (medicamentID, medicamentName, medicamentDose, medicamentDelete) values (30091, 'DATE PALM POLLEN', '10ml', 0);
insert into Medicaments (medicamentID, medicamentName, medicamentDose, medicamentDelete) values (30092, 'GOLDKIWI SUN', null, 0);
insert into Medicaments (medicamentID, medicamentName, medicamentDose, medicamentDelete) values (30093, 'simple pleasures', null, 0);
insert into Medicaments (medicamentID, medicamentName, medicamentDose, medicamentDelete) values (30094, 'BIO BEAUTY BIO DEFENSE', null, 0);
insert into Medicaments (medicamentID, medicamentName, medicamentDose, medicamentDelete) values (30095, 'FeverALL Junior', null, 1);
insert into Medicaments (medicamentID, medicamentName, medicamentDose, medicamentDelete) values (30096, 'Clindamycin Hydrochloride', '10ml', 0);
insert into Medicaments (medicamentID, medicamentName, medicamentDose, medicamentDelete) values (30097, 'Waterless Anti-Bacterial Hand Cleanser', null, 0);
insert into Medicaments (medicamentID, medicamentName, medicamentDose, medicamentDelete) values (30098, 'Lidocaine Hydrochloride and Epinephrine', null, 0);
insert into Medicaments (medicamentID, medicamentName, medicamentDose, medicamentDelete) values (30099, 'Hand Wipes', null, 0);
insert into Medicaments (medicamentID, medicamentName, medicamentDose, medicamentDelete) values (30100, 'Panadol', '2ml', 1);
insert into Medicaments (medicamentID, medicamentName, medicamentDose, medicamentDelete) values (30101, 'Panadol', '10ml', 0);
insert into Medicaments (medicamentID, medicamentName, medicamentDose, medicamentDelete) values (30102, 'Panadol', '20x250pls', 0);
insert into Medicaments (medicamentID, medicamentName, medicamentDose, medicamentDelete) values (30103, 'Panadol', '100pls', 0);

insert into Shops (shopID, shopAddress, coordinateX, coordinateY, shopDelete) values (201, '78 Antonovycha str. Lviv', 24.3736, 48.323, 0);
insert into Shops (shopID, shopAddress, coordinateX, coordinateY, shopDelete) values (202, '123 Shevchenka str. Lviv', 24.3408, 48.897, 0);
insert into Shops (shopID, shopAddress, coordinateX, coordinateY, shopDelete) values (203, '1 Gorodotska str. Lviv', 24.0276, 48.4309, 0);
insert into Shops (shopID, shopAddress, coordinateX, coordinateY, shopDelete) values (204, '2 Stepanivny str. Lviv', 24.0451, 48.0275, 0);
insert into Shops (shopID, shopAddress, coordinateX, coordinateY, shopDelete) values (205, '15 Velykogo str. Lviv', 24.7331, 48.2226, 0);
insert into Shops (shopID, shopAddress, coordinateX, coordinateY, shopDelete) values (206, '2 Syhivska str. Lviv', 24.1983, 48.3356, 0);
insert into Shops (shopID, shopAddress, coordinateX, coordinateY, shopDelete) values (207, '45 Kuzmenka str. Lviv', 24.126, 48.2202, 0);
insert into Shops (shopID, shopAddress, coordinateX, coordinateY, shopDelete) values (208, '16 Kuybysheva str. Lviv', 24.986, 48.7223, 0);
insert into Shops (shopID, shopAddress, coordinateX, coordinateY, shopDelete) values (209, '11 Lystopadna str. Lviv', 24.0398, 48.8979, 0);
insert into Shops (shopID, shopAddress, coordinateX, coordinateY, shopDelete) values (210, '2 Pidzamche str. Lviv', 24.3523, 48.5398, 1);
insert into Shops (shopID, shopAddress, coordinateX, coordinateY, shopDelete) values (211, '1 Karajimska str. Lviv', 24.8641, 48.6153, 0);
insert into Shops (shopID, shopAddress, coordinateX, coordinateY, shopDelete) values (212, '12 Ostrjanyci str. Lviv', 24.0775, 48.0064, 0);
insert into Shops (shopID, shopAddress, coordinateX, coordinateY, shopDelete) values (213, '13 Kvitova str. Lviv', 24.844, 48.9824, 1);
insert into Shops (shopID, shopAddress, coordinateX, coordinateY, shopDelete) values (214, '7 Okunevskogo str. Lviv', 24.9925, 48.5024, 0);
insert into Shops (shopID, shopAddress, coordinateX, coordinateY, shopDelete) values (215, '45 Yeroshenka str. Lviv', 24.1847, 48.357, 0);
insert into Shops (shopID, shopAddress, coordinateX, coordinateY, shopDelete) values (216, '11 Universytetska str. Lviv', 24.8045, 48.3554, 0);
insert into Shops (shopID, shopAddress, coordinateX, coordinateY, shopDelete) values (217, '12 Bandery str. Lviv', 24.2486, 48.1645, 0);
insert into Shops (shopID, shopAddress, coordinateX, coordinateY, shopDelete) values (218, '1 Roksoliany str. Lviv', 24.8219, 48.6248, 0);
insert into Shops (shopID, shopAddress, coordinateX, coordinateY, shopDelete) values (219, '2 Aviaciyna str. Lviv', 24.2013, 48.0587, 0);
insert into Shops (shopID, shopAddress, coordinateX, coordinateY, shopDelete) values (220, '3 Rudnenska str. Lviv', 24.4943, 48.5111, 0);

insert into Users (Id, FirstName, Surname, [Login], [Password], [Role], shopId) values (1, 'Ben', 'Gur', 'Gur1', 'QWERTY', 'worker', 202);
insert into Users (Id, FirstName, Surname, [Login], [Password], [Role]) 		values (2, 'Bob','Marle','Bobm','123456', 'administrator');
insert into Users (Id, FirstName, Surname, [Login], [Password], [Role], shopId) values (3, 'John','Doe','JD','654321', 'worker', 202);

insert into Products (productID, medicamentID, shopID, productNumber, productPrice, productDelete) values (10001, 30102, 209, 84, 3.5, 0);
insert into Products (productID, medicamentID, shopID, productNumber, productPrice, productDelete) values (10002, 30033, 212, 75, 89.95, 0);
insert into Products (productID, medicamentID, shopID, productNumber, productPrice, productDelete) values (10003, 30078, 219, 78, 203.56, 0);
insert into Products (productID, medicamentID, shopID, productNumber, productPrice, productDelete) values (10004, 30095, 219, 94, 80.52, 0);
insert into Products (productID, medicamentID, shopID, productNumber, productPrice, productDelete) values (10005, 30038, 210, 112, 161.19, 0);
insert into Products (productID, medicamentID, shopID, productNumber, productPrice, productDelete) values (10006, 30009, 220, 106, 184.6, 0);
insert into Products (productID, medicamentID, shopID, productNumber, productPrice, productDelete) values (10007, 30006, 209, 56, 36.1, 0);
insert into Products (productID, medicamentID, shopID, productNumber, productPrice, productDelete) values (10008, 30018, 217, 37, 40.01, 0);
insert into Products (productID, medicamentID, shopID, productNumber, productPrice, productDelete) values (10009, 30072, 202, 93, 90.93, 0);
insert into Products (productID, medicamentID, shopID, productNumber, productPrice, productDelete) values (10010, 30065, 214, 94, 220.49, 0);
insert into Products (productID, medicamentID, shopID, productNumber, productPrice, productDelete) values (10012, 30013, 205, 69, 188.14, 0);
insert into Products (productID, medicamentID, shopID, productNumber, productPrice, productDelete) values (10013, 30020, 201, 101, 13.32, 0);
insert into Products (productID, medicamentID, shopID, productNumber, productPrice, productDelete) values (10014, 30067, 206, 112, 117.06, 0);
insert into Products (productID, medicamentID, shopID, productNumber, productPrice, productDelete) values (10015, 30060, 209, 124, 36.14, 0);
insert into Products (productID, medicamentID, shopID, productNumber, productPrice, productDelete) values (10016, 30032, 207, 71, 94.16, 0);
insert into Products (productID, medicamentID, shopID, productNumber, productPrice, productDelete) values (10017, 30029, 206, 53, 196.46, 0);
insert into Products (productID, medicamentID, shopID, productNumber, productPrice, productDelete) values (10018, 30030, 201, 96, 34.23, 0);
insert into Products (productID, medicamentID, shopID, productNumber, productPrice, productDelete) values (10019, 30058, 207, 76, 182.6, 0);
insert into Products (productID, medicamentID, shopID, productNumber, productPrice, productDelete) values (10020, 30006, 217, 91, 71.14, 0);
insert into Products (productID, medicamentID, shopID, productNumber, productPrice, productDelete) values (10021, 30089, 207, 32, 125.95, 0);
insert into Products (productID, medicamentID, shopID, productNumber, productPrice, productDelete) values (10022, 30096, 209, 122, 89.34, 0);
insert into Products (productID, medicamentID, shopID, productNumber, productPrice, productDelete) values (10023, 30039, 215, 85, 198.72, 0);
insert into Products (productID, medicamentID, shopID, productNumber, productPrice, productDelete) values (10024, 30005, 217, 104, 67.0, 0);
insert into Products (productID, medicamentID, shopID, productNumber, productPrice, productDelete) values (10026, 30078, 217, 87, 83.32, 0);
insert into Products (productID, medicamentID, shopID, productNumber, productPrice, productDelete) values (10027, 30016, 201, 60, 112.52, 0);
insert into Products (productID, medicamentID, shopID, productNumber, productPrice, productDelete) values (10028, 30060, 209, 44, 23.28, 0);
insert into Products (productID, medicamentID, shopID, productNumber, productPrice, productDelete) values (10029, 30058, 204, 40, 171.07, 0);
insert into Products (productID, medicamentID, shopID, productNumber, productPrice, productDelete) values (10030, 30049, 210, 37, 29.67, 0);
insert into Products (productID, medicamentID, shopID, productNumber, productPrice, productDelete) values (10031, 30026, 205, 97, 40.84, 0);
insert into Products (productID, medicamentID, shopID, productNumber, productPrice, productDelete) values (10032, 30077, 203, 101, 37.37, 0);
insert into Products (productID, medicamentID, shopID, productNumber, productPrice, productDelete) values (10033, 30094, 202, 37, 222.26, 1);
insert into Products (productID, medicamentID, shopID, productNumber, productPrice, productDelete) values (10034, 30030, 210, 1, 54.33, 0);
insert into Products (productID, medicamentID, shopID, productNumber, productPrice, productDelete) values (10035, 30092, 210, 28, 51.4, 0);
insert into Products (productID, medicamentID, shopID, productNumber, productPrice, productDelete) values (10036, 30097, 214, 42, 232.59, 0);
insert into Products (productID, medicamentID, shopID, productNumber, productPrice, productDelete) values (10037, 30096, 208, 53, 40.03, 0);
insert into Products (productID, medicamentID, shopID, productNumber, productPrice, productDelete) values (10038, 30048, 206, 3, 164.9, 0);
insert into Products (productID, medicamentID, shopID, productNumber, productPrice, productDelete) values (10039, 30068, 207, 23, 90.05, 0);
insert into Products (productID, medicamentID, shopID, productNumber, productPrice, productDelete) values (10040, 30084, 203, 43, 199.64, 0);
insert into Products (productID, medicamentID, shopID, productNumber, productPrice, productDelete) values (10041, 30019, 203, 39, 131.3, 0);
insert into Products (productID, medicamentID, shopID, productNumber, productPrice, productDelete) values (10042, 30082, 213, 6, 2.26, 0);
insert into Products (productID, medicamentID, shopID, productNumber, productPrice, productDelete) values (10043, 30036, 218, 23, 64.5, 0);
insert into Products (productID, medicamentID, shopID, productNumber, productPrice, productDelete) values (10045, 30060, 212, 94, 141.65, 0);
insert into Products (productID, medicamentID, shopID, productNumber, productPrice, productDelete) values (10046, 30016, 213, 95, 62.87, 0);
insert into Products (productID, medicamentID, shopID, productNumber, productPrice, productDelete) values (10047, 30050, 218, 91, 228.31, 0);
insert into Products (productID, medicamentID, shopID, productNumber, productPrice, productDelete) values (10048, 30008, 219, 94, 61.83, 0);
insert into Products (productID, medicamentID, shopID, productNumber, productPrice, productDelete) values (10049, 30037, 213, 100, 171.55, 0);
insert into Products (productID, medicamentID, shopID, productNumber, productPrice, productDelete) values (10050, 30097, 219, 112, 212.96, 0);
insert into Products (productID, medicamentID, shopID, productNumber, productPrice, productDelete) values (10051, 30069, 207, 39, 126.51, 0);
insert into Products (productID, medicamentID, shopID, productNumber, productPrice, productDelete) values (10052, 30031, 216, 55, 105.43, 1);
insert into Products (productID, medicamentID, shopID, productNumber, productPrice, productDelete) values (10053, 30063, 220, 100, 24.6, 0);
insert into Products (productID, medicamentID, shopID, productNumber, productPrice, productDelete) values (10054, 30023, 212, 75, 73.64, 0);
insert into Products (productID, medicamentID, shopID, productNumber, productPrice, productDelete) values (10055, 30072, 208, 78, 49.65, 0);
insert into Products (productID, medicamentID, shopID, productNumber, productPrice, productDelete) values (10056, 30004, 201, 23, 180.76, 0);
insert into Products (productID, medicamentID, shopID, productNumber, productPrice, productDelete) values (10057, 30037, 214, 7, 115.07, 0);
insert into Products (productID, medicamentID, shopID, productNumber, productPrice, productDelete) values (10058, 30068, 208, 95, 65.03, 0);
insert into Products (productID, medicamentID, shopID, productNumber, productPrice, productDelete) values (10059, 30016, 202, 96, 204.23, 0);
insert into Products (productID, medicamentID, shopID, productNumber, productPrice, productDelete) values (10060, 30042, 218, 9, 209.54, 0);
insert into Products (productID, medicamentID, shopID, productNumber, productPrice, productDelete) values (10061, 30082, 219, 28, 156.72, 0);
insert into Products (productID, medicamentID, shopID, productNumber, productPrice, productDelete) values (10062, 30039, 212, 106, 113.91, 0);
insert into Products (productID, medicamentID, shopID, productNumber, productPrice, productDelete) values (10063, 30019, 218, 2, 75.65, 0);
insert into Products (productID, medicamentID, shopID, productNumber, productPrice, productDelete) values (10065, 30098, 204, 51, 38.45, 0);
insert into Products (productID, medicamentID, shopID, productNumber, productPrice, productDelete) values (10066, 30033, 202, 122, 179.71, 0);
insert into Products (productID, medicamentID, shopID, productNumber, productPrice, productDelete) values (10067, 30066, 209, 64, 144.91, 0);
insert into Products (productID, medicamentID, shopID, productNumber, productPrice, productDelete) values (10068, 30084, 215, 37, 95.33, 0);
insert into Products (productID, medicamentID, shopID, productNumber, productPrice, productDelete) values (10069, 30002, 204, 65, 48.19, 0);
insert into Products (productID, medicamentID, shopID, productNumber, productPrice, productDelete) values (10070, 30031, 218, 112, 188.24, 1);
insert into Products (productID, medicamentID, shopID, productNumber, productPrice, productDelete) values (10071, 30070, 214, 76, 19.46, 0);
insert into Products (productID, medicamentID, shopID, productNumber, productPrice, productDelete) values (10072, 30067, 220, 74, 135.75, 0);
insert into Products (productID, medicamentID, shopID, productNumber, productPrice, productDelete) values (10073, 30038, 210, 119, 85.0, 0);
insert into Products (productID, medicamentID, shopID, productNumber, productPrice, productDelete) values (10074, 30028, 207, 130, 74.52, 0);
insert into Products (productID, medicamentID, shopID, productNumber, productPrice, productDelete) values (10075, 30019, 214, 78, 176.27, 0);
insert into Products (productID, medicamentID, shopID, productNumber, productPrice, productDelete) values (10076, 30044, 205, 42, 118.97, 0);
insert into Products (productID, medicamentID, shopID, productNumber, productPrice, productDelete) values (10077, 30096, 204, 108, 33.27, 0);
insert into Products (productID, medicamentID, shopID, productNumber, productPrice, productDelete) values (10078, 30004, 208, 114, 46.81, 0);
insert into Products (productID, medicamentID, shopID, productNumber, productPrice, productDelete) values (10079, 30018, 215, 53, 198.96, 0);
insert into Products (productID, medicamentID, shopID, productNumber, productPrice, productDelete) values (10080, 30100, 212, 2, 127.98, 0);
insert into Products (productID, medicamentID, shopID, productNumber, productPrice, productDelete) values (10082, 30001, 208, 89, 132.79, 0);
insert into Products (productID, medicamentID, shopID, productNumber, productPrice, productDelete) values (10083, 30049, 220, 3, 67.67, 0);
insert into Products (productID, medicamentID, shopID, productNumber, productPrice, productDelete) values (10084, 30053, 211, 88, 225.53, 0);
insert into Products (productID, medicamentID, shopID, productNumber, productPrice, productDelete) values (10085, 30010, 218, 90, 156.94, 0);
insert into Products (productID, medicamentID, shopID, productNumber, productPrice, productDelete) values (10086, 30022, 208, 25, 204.21, 0);
insert into Products (productID, medicamentID, shopID, productNumber, productPrice, productDelete) values (10087, 30003, 201, 66, 110.26, 0);
insert into Products (productID, medicamentID, shopID, productNumber, productPrice, productDelete) values (10088, 30001, 214, 32, 143.65, 0);
insert into Products (productID, medicamentID, shopID, productNumber, productPrice, productDelete) values (10089, 30095, 212, 37, 91.67, 1);
insert into Products (productID, medicamentID, shopID, productNumber, productPrice, productDelete) values (10090, 30093, 214, 123, 187.64, 0);
insert into Products (productID, medicamentID, shopID, productNumber, productPrice, productDelete) values (10091, 30033, 206, 83, 92.91, 0);
insert into Products (productID, medicamentID, shopID, productNumber, productPrice, productDelete) values (10092, 30088, 210, 3, 51.81, 0);
insert into Products (productID, medicamentID, shopID, productNumber, productPrice, productDelete) values (10093, 30056, 216, 8, 12.4, 0);
insert into Products (productID, medicamentID, shopID, productNumber, productPrice, productDelete) values (10094, 30037, 201, 128, 27.63, 0);
insert into Products (productID, medicamentID, shopID, productNumber, productPrice, productDelete) values (10095, 30073, 212, 101, 80.04, 0);
insert into Products (productID, medicamentID, shopID, productNumber, productPrice, productDelete) values (10096, 30070, 215, 52, 55.37, 0);
insert into Products (productID, medicamentID, shopID, productNumber, productPrice, productDelete) values (10097, 30017, 220, 67, 37.18, 0);
insert into Products (productID, medicamentID, shopID, productNumber, productPrice, productDelete) values (10098, 30021, 204, 67, 71.57, 0);
insert into Products (productID, medicamentID, shopID, productNumber, productPrice, productDelete) values (10099, 30012, 203, 101, 190.09, 0);
insert into Products (productID, medicamentID, shopID, productNumber, productPrice, productDelete) values (10100, 30095, 217, 15, 45.78, 1);

insert into Orders (orderId, orderDate, customerId, userId, shopId, orderSumm, orderDiscount) values (1, '10/9/16', 201, 3, 202, 200.40, 0);
insert into Orders (orderId, orderDate, customerId, userId, shopId, orderSumm, orderDiscount) values (2, '10/10/16', 201, 3, 202, 20.40, 0);
insert into Orders (orderId, orderDate, customerId, userId, shopId, orderSumm, orderDiscount) values (3, '11/10/16', 201, 3, 202, 800.40, 0);
